{
    "DefaultPercentEpic": 0.0,
    "DefaultPercentMythic": 0.0,
    "DefaultPercentRare": 30.0,
    "DefaultPercentUncommon": 70.0,
    "GoldQuantity": 75,
    "ID": "aquarvendor",
    "LootItemTable": [
        "{\n    \"LootCard\": \"javringofsparks\",\n    \"LootPercent\": 100.0,\n    \"LootRarity\": \"Epic\",\n    \"LootType\": \"None\"\n}",
        "{\n    \"LootCard\": \"javstormtrident\",\n    \"LootPercent\": 100.0,\n    \"LootRarity\": \"Rare\",\n    \"LootType\": \"None\"\n}",
        "{\n    \"LootCard\": \"raincoat\",\n    \"LootPercent\": 100.0,\n    \"LootRarity\": \"Epic\",\n    \"LootType\": \"None\"\n}",
        "{\n    \"LootCard\": \"sharpscimitar\",\n    \"LootPercent\": 100.0,\n    \"LootRarity\": \"Rare\",\n    \"LootType\": \"None\"\n}",
        "{\n    \"LootCard\": \"javrodsfromgodrare\",\n    \"LootPercent\": 100.0,\n    \"LootRarity\": \"Rare\",\n    \"LootType\": \"None\"\n}",
        "{\n    \"LootCard\": \"lightningrune\",\n    \"LootPercent\": 100.0,\n    \"LootRarity\": \"Rare\",\n    \"LootType\": \"None\"\n}"
    ],
    "NumItems": 8,
    "ShadyModel": "nagatrident",
    "ShadyScaleX": 0.8799999952316284,
    "ShadyScaleY": 0.8799999952316284,
    "ShadyOffsetX": -0.05000000074505806,
    "ShadyOffsetY": 0.0
}