{
    "DefaultPercentEpic": 0.0,
    "DefaultPercentMythic": 0.0,
    "DefaultPercentRare": 50.0,
    "DefaultPercentUncommon": 50.0,
    "GoldQuantity": 50,
    "ID": "battlefield",
    "LootItemTable": [
        "{\n    \"LootCard\": \"rustyarmor\",\n    \"LootPercent\": 100.0,\n    \"LootRarity\": \"Common\",\n    \"LootType\": \"None\"\n}",
        "{\n    \"LootCard\": \"primalnecklace\",\n    \"LootPercent\": 100.0,\n    \"LootRarity\": \"Common\",\n    \"LootType\": \"None\"\n}",
        "{\n    \"LootCard\": \"javelectricarmorrare\",\n    \"LootPercent\": 100.0,\n    \"LootRarity\": \"Common\",\n    \"LootType\": \"None\"\n}",
        "{\n    \"LootCard\": \"javcracklingstaff\",\n    \"LootPercent\": 100.0,\n    \"LootRarity\": \"Epic\",\n    \"LootType\": \"None\"\n}"
    ],
    "NumItems": 6,
    "ShadyModel": "",
    "ShadyScaleX": 1.0,
    "ShadyScaleY": 1.0,
    "ShadyOffsetX": 0.0,
    "ShadyOffsetY": 0.0
}