{
    "DefaultPercentEpic": 0.0,
    "DefaultPercentMythic": 0.0,
    "DefaultPercentRare": 0.0,
    "DefaultPercentUncommon": 20.0,
    "GoldQuantity": 50,
    "ID": "bridge",
    "LootItemTable": [
        "{\n    \"LootCard\": \"javringofpower\",\n    \"LootPercent\": 70.0,\n    \"LootRarity\": \"Common\",\n    \"LootType\": \"None\"\n}",
        "{\n    \"LootCard\": \"javelectricarmor\",\n    \"LootPercent\": 100.0,\n    \"LootRarity\": \"Common\",\n    \"LootType\": \"None\"\n}",
        "{\n    \"LootCard\": \"javskyshield\",\n    \"LootPercent\": 50.0,\n    \"LootRarity\": \"Uncommon\",\n    \"LootType\": \"None\"\n}",
        "{\n    \"LootCard\": \"manapotion\",\n    \"LootPercent\": 50.0,\n    \"LootRarity\": \"Uncommon\",\n    \"LootType\": \"None\"\n}",
        "{\n    \"LootCard\": \"javtridentprong\",\n    \"LootPercent\": 100.0,\n    \"LootRarity\": \"Common\",\n    \"LootType\": \"Jewelry\"\n}"
    ],
    "NumItems": 6,
    "ShadyModel": "",
    "ShadyScaleX": 1.0,
    "ShadyScaleY": 1.0,
    "ShadyOffsetX": 0.0,
    "ShadyOffsetY": 0.0
}