{
    "DefaultPercentEpic": 0.0,
    "DefaultPercentMythic": 0.0,
    "DefaultPercentRare": 0.0,
    "DefaultPercentUncommon": 20.0,
    "GoldQuantity": 50,
    "ID": "jeweler",
    "LootItemTable": [
        "{\n    \"LootCard\": \"\",\n    \"LootPercent\": 50.0,\n    \"LootRarity\": \"Rare\",\n    \"LootType\": \"Jewelry\"\n}",
        "{\n    \"LootCard\": \"\",\n    \"LootPercent\": 100.0,\n    \"LootRarity\": \"Uncommon\",\n    \"LootType\": \"Jewelry\"\n}",
        "{\n    \"LootCard\": \"javstormnecklace\",\n    \"LootPercent\": 100.0,\n    \"LootRarity\": \"Uncommon\",\n    \"LootType\": \"Jewelry\"\n}",
        "{\n    \"LootCard\": \"javringofpower\",\n    \"LootPercent\": 100.0,\n    \"LootRarity\": \"Uncommon\",\n    \"LootType\": \"Jewelry\"\n}",
        "{\n    \"LootCard\": \"\",\n    \"LootPercent\": 100.0,\n    \"LootRarity\": \"Common\",\n    \"LootType\": \"Jewelry\"\n}",
        "{\n    \"LootCard\": \"\",\n    \"LootPercent\": 100.0,\n    \"LootRarity\": \"Common\",\n    \"LootType\": \"Jewelry\"\n}",
        "{\n    \"LootCard\": \"\",\n    \"LootPercent\": 100.0,\n    \"LootRarity\": \"Common\",\n    \"LootType\": \"Jewelry\"\n}",
        "{\n    \"LootCard\": \"\",\n    \"LootPercent\": 100.0,\n    \"LootRarity\": \"Uncommon\",\n    \"LootType\": \"Accesory\"\n}"
    ],
    "NumItems": 8,
    "ShadyModel": "wolfwarsBandit",
    "ShadyScaleX": -1.0,
    "ShadyScaleY": 1.0,
    "ShadyOffsetX": 0.05000000074505806,
    "ShadyOffsetY": 0.0
}