{
    "DefaultPercentEpic": 0.0,
    "DefaultPercentMythic": 0.0,
    "DefaultPercentRare": 30.0,
    "DefaultPercentUncommon": 70.0,
    "GoldQuantity": 100,
    "ID": "lootedarmory",
    "LootItemTable": [
        "{\n    \"LootCard\": \"holyhammer\",\n    \"LootPercent\": 100.0,\n    \"LootRarity\": \"Common\",\n    \"LootType\": \"None\"\n}",
        "{\n    \"LootCard\": \"holybook\",\n    \"LootPercent\": 100.0,\n    \"LootRarity\": \"Common\",\n    \"LootType\": \"None\"\n}",
        "{\n    \"LootCard\": \"javthunderjavelinitem\",\n    \"LootPercent\": 100.0,\n    \"LootRarity\": \"Common\",\n    \"LootType\": \"None\"\n}",
        "{\n    \"LootCard\": \"javsacredsparks\",\n    \"LootPercent\": 100.0,\n    \"LootRarity\": \"Common\",\n    \"LootType\": \"None\"\n}",
        "{\n    \"LootCard\": \"javunlimitedbladeworksrare\",\n    \"LootPercent\": 100.0,\n    \"LootRarity\": \"Rare\",\n    \"LootType\": \"Jewelry\"\n}"
    ],
    "NumItems": 6,
    "ShadyModel": "",
    "ShadyScaleX": 1.0,
    "ShadyScaleY": 1.0,
    "ShadyOffsetX": 0.0,
    "ShadyOffsetY": 0.0
}