{
    "DefaultPercentEpic": 5.0,
    "DefaultPercentMythic": 0.0,
    "DefaultPercentRare": 45.0,
    "DefaultPercentUncommon": 50.0,
    "GoldQuantity": 50,
    "ID": "Merchantwares",
    "LootItemTable": [
        "{\n    \"LootCard\": \"\",\n    \"LootPercent\": 55.0,\n    \"LootRarity\": \"Rare\",\n    \"LootType\": \"Armor\"\n}",
        "{\n    \"LootCard\": \"\",\n    \"LootPercent\": 80.0,\n    \"LootRarity\": \"Rare\",\n    \"LootType\": \"Jewelry\"\n}",
        "{\n    \"LootCard\": \"\",\n    \"LootPercent\": 55.0,\n    \"LootRarity\": \"Rare\",\n    \"LootType\": \"Accesory\"\n}"
    ],
    "NumItems": 6,
    "ShadyModel": "pyromancer",
    "ShadyScaleX": 1.0,
    "ShadyScaleY": 1.0,
    "ShadyOffsetX": 0.0,
    "ShadyOffsetY": 0.0
}