{
    "DefaultPercentEpic": 20.0,
    "DefaultPercentMythic": 0.0,
    "DefaultPercentRare": 60.0,
    "DefaultPercentUncommon": 20.0,
    "GoldQuantity": 100,
    "ID": "upripreboss",
    "LootItemTable": [
        "{\n    \"LootCard\": \"\",\n    \"LootPercent\": 100.0,\n    \"LootRarity\": \"Common\",\n    \"LootType\": \"None\"\n}",
        "{\n    \"LootCard\": \"dwarvenhelmet\",\n    \"LootPercent\": 100.0,\n    \"LootRarity\": \"Common\",\n    \"LootType\": \"None\"\n}",
        "{\n    \"LootCard\": \"blunderbluss\",\n    \"LootPercent\": 100.0,\n    \"LootRarity\": \"Common\",\n    \"LootType\": \"None\"\n}",
        "{\n    \"LootCard\": \"machineoil\",\n    \"LootPercent\": 100.0,\n    \"LootRarity\": \"Epic\",\n    \"LootType\": \"Weapon\"\n}",
        "{\n    \"LootCard\": \"javrodsfromgod\",\n    \"LootPercent\": 100.0,\n    \"LootRarity\": \"Epic\",\n    \"LootType\": \"Weapon\"\n}",
        "{\n    \"LootCard\": \"\",\n    \"LootPercent\": 70.0,\n    \"LootRarity\": \"Rare\",\n    \"LootType\": \"Accesory\"\n}"
    ],
    "NumItems": 8,
    "ShadyModel": "",
    "ShadyScaleX": 1.0,
    "ShadyScaleY": 1.0,
    "ShadyOffsetX": 0.0,
    "ShadyOffsetY": 0.0
}