{
    "DefaultPercentEpic": 5.0,
    "DefaultPercentMythic": 0.0,
    "DefaultPercentRare": 50.0,
    "DefaultPercentUncommon": 45.0,
    "GoldQuantity": 50,
    "ID": "uprienergy",
    "LootItemTable": [
        "{\n    \"LootCard\": \"sidearm\",\n    \"LootPercent\": 100.0,\n    \"LootRarity\": \"Common\",\n    \"LootType\": \"None\"\n}",
        "{\n    \"LootCard\": \"blueprints\",\n    \"LootPercent\": 100.0,\n    \"LootRarity\": \"Common\",\n    \"LootType\": \"None\"\n}"
    ],
    "NumItems": 4,
    "ShadyModel": "",
    "ShadyScaleX": 1.0,
    "ShadyScaleY": 1.0,
    "ShadyOffsetX": 0.0,
    "ShadyOffsetY": 0.0
}