{
    "DefaultPercentEpic": 100.0,
    "DefaultPercentMythic": 0.0,
    "DefaultPercentRare": 0.0,
    "DefaultPercentUncommon": 0.0,
    "GoldQuantity": 120,
    "ID": "voidtwins",
    "LootItemTable": [
        "{\n    \"LootCard\": \"\",\n    \"LootPercent\": 100.0,\n    \"LootRarity\": \"Epic\",\n    \"LootType\": \"Weapon\"\n}",
        "{\n    \"LootCard\": \"\",\n    \"LootPercent\": 100.0,\n    \"LootRarity\": \"Epic\",\n    \"LootType\": \"Armor\"\n}",
        "{\n    \"LootCard\": \"\",\n    \"LootPercent\": 100.0,\n    \"LootRarity\": \"Epic\",\n    \"LootType\": \"Jewelry\"\n}",
        "{\n    \"LootCard\": \"\",\n    \"LootPercent\": 100.0,\n    \"LootRarity\": \"Mythic\",\n    \"LootType\": \"Accesory\"\n}",
        "{\n    \"LootCard\": \"\",\n    \"LootPercent\": 100.0,\n    \"LootRarity\": \"Mythic\",\n    \"LootType\": \"None\"\n}",
        "{\n    \"LootCard\": \"\",\n    \"LootPercent\": 100.0,\n    \"LootRarity\": \"Mythic\",\n    \"LootType\": \"None\"\n}",
        "{\n    \"LootCard\": \"\",\n    \"LootPercent\": 100.0,\n    \"LootRarity\": \"Mythic\",\n    \"LootType\": \"None\"\n}"
    ],
    "NumItems": 8,
    "ShadyModel": "",
    "ShadyScaleX": 1.0,
    "ShadyScaleY": 1.0,
    "ShadyOffsetX": 0.0,
    "ShadyOffsetY": 0.0
}