{
    "medsEvent": "e_sahti36_a",
    "medsTempID": "e_sahti36_a_12",
    "DustCost": 0,
    "GoldCost": 0,
    "IndexForAnswerTranslation": 1,
    "RepeatForAllCharacters": false,
    "ReplyActionText": "Combat",
    "ReplyShowCard": "",
    "ReplyText": "Prepare for Battle!",
    "RequiredClass": "",
    "Requirement": "",
    "RequirementBlocked": "",
    "RequirementCard": [],
    "RequirementItem": "",
    "RequirementMultiplayer": false,
    "RequirementSku": "",
    "SSAddCard1": "",
    "SSAddCard2": "",
    "SSAddCard3": "",
    "SSAddItem": "",
    "SSCardPlayerGame": false,
    "SSCardPlayerGamePackData": "",
    "SSCardPlayerPairsGame": false,
    "SSCardPlayerPairsGamePackData": "",
    "SSCharacterReplacement": "",
    "SSCharacterReplacementPosition": 0,
    "SSCombat": "esahti_36c",
    "SSCorruptionUI": false,
    "SSCorruptItemSlot": "None",
    "SSCraftUI": false,
    "SSCraftUIMaxType": "Common",
    "SSDiscount": 0,
    "SSDustReward": 0,
    "SSEvent": "",
    "SSExperienceReward": 20,
    "SSFinishEarlyAccess": false,
    "SSFinishGame": false,
    "SSFinishObeliskMap": false,
    "SSGoldReward": 0,
    "SSHealerUI": false,
    "SSLootList": "",
    "SSMaxQuantity": 0,
    "SSMerchantUI": false,
    "SSNodeTravel": "",
    "SSPerkData": "",
    "SSPerkData1": "",
    "SSRemoveItemSlot": "None",
    "SSRequirementLock": "",
    "SSRequirementLock2": "",
    "SSRequirementUnlock": "",
    "SSRequirementUnlock2": "",
    "SSRewardHealthFlat": 0,
    "SSRewardHealthPercent": 0.0,
    "SSRewardText": "You prepare for what’s coming and hold fast, bracing for impact. \r\n\nThe mighty creature grabs the ship and tries to tear it apart, but you attack the tentacles and force the creature to reveal its ugly face. \r\n\nIt’s time to finish the job.",
    "SSRewardTier": "",
    "SSRoll": false,
    "SSRollCard": "None",
    "SSRollMode": "LowerOrEqual",
    "SSRollNumber": 5,
    "SSRollNumberCritical": 2,
    "SSRollNumberCriticalFail": 9,
    "SSRollTarget": "Group",
    "SSShopList": "",
    "SSSteamStat": "",
    "SSSupplyReward": 0,
    "SSUnlockClass": "",
    "SSUnlockSkin": "",
    "SSUnlockSteamAchievement": "",
    "SSUpgradeRandomCard": false,
    "SSUpgradeUI": false,
    "SSCAddCard1": "",
    "SSCAddCard2": "",
    "SSCAddCard3": "",
    "SSCAddItem": "",
    "SSCCardPlayerGame": false,
    "SSCCardPlayerGamePackData": "",
    "SSCCardPlayerPairsGame": false,
    "SSCCardPlayerPairsGamePackData": "",
    "SSCCombat": "esahti_36d",
    "SSCCorruptionUI": false,
    "SSCCorruptItemSlot": "None",
    "SSCCraftUI": false,
    "SSCCraftUIMaxType": "Common",
    "SSCDiscount": 0,
    "SSCDustReward": 0,
    "SSCEvent": "",
    "SSCExperienceReward": 22,
    "SSCFinishEarlyAccess": false,
    "SSCFinishGame": false,
    "SSCGoldReward": 0,
    "SSCHealerUI": false,
    "SSCLootList": "",
    "SSCMaxQuantity": 0,
    "SSCMerchantUI": false,
    "SSCNodeTravel": "",
    "SSCRemoveItemSlot": "None",
    "SSCRequirementLock": "",
    "SSCRequirementUnlock": "",
    "SSCRequirementUnlock2": "",
    "SSCRewardHealthFlat": 0,
    "SSCRewardHealthPercent": 0.0,
    "SSCRewardText": "You prepare for what is coming and hold fast, bracing for impact. \n\nThe mighty creature grabs the ship and tries to tear it apart, but you attack its tentacles, forcing it to reveal its ugly face. \n\nThe kraken is wounded, so this is your best chance to finish the job.",
    "SSCRewardTier": "",
    "SSCShopList": "",
    "SSCSupplyReward": 0,
    "SSCUnlockClass": "",
    "SSCUnlockSteamAchievement": "",
    "SSCUpgradeRandomCard": false,
    "SSCUpgradeUI": false,
    "FLAddCard1": "",
    "FLAddCard2": "",
    "FLAddCard3": "",
    "FLAddItem": "",
    "FLCardPlayerGame": false,
    "FLCardPlayerGamePackData": "",
    "FLCardPlayerPairsGame": false,
    "FLCardPlayerPairsGamePackData": "",
    "FLCombat": "esahti_36e",
    "FLCorruptionUI": false,
    "FLCorruptItemSlot": "None",
    "FLCraftUI": false,
    "FLCraftUIMaxType": "Common",
    "FLDiscount": 0,
    "FLDustReward": 0,
    "FLEvent": "",
    "FLExperienceReward": 8,
    "FLGoldReward": 0,
    "FLHealerUI": false,
    "FLLootList": "",
    "FLMaxQuantity": 0,
    "FLMerchantUI": false,
    "FLNodeTravel": "",
    "FLRemoveItemSlot": "None",
    "FLRequirementLock": "",
    "FLRequirementUnlock": "",
    "FLRequirementUnlock2": "",
    "FLRewardHealthFlat": 0,
    "FLRewardHealthPercent": 0.0,
    "FLRewardText": "You prepare for what is coming and hold fast, bracing for impact. \r\n\nThe mighty creature grabs the ship and tries to tear it apart. When you attack the tentacles to fend them off, they strike back, and the creature reveals its hideous face. \r\n\nIt’s time to finish the job.",
    "FLRewardTier": "",
    "FLShopList": "",
    "FLSupplyReward": 0,
    "FLUnlockClass": "",
    "FLUnlockSteamAchievement": "",
    "FLUpgradeRandomCard": false,
    "FLUpgradeUI": false,
    "FLCAddCard1": "drowned",
    "FLCAddCard2": "",
    "FLCAddCard3": "",
    "FLCAddItem": "",
    "FLCCardPlayerGame": false,
    "FLCCardPlayerGamePackData": "",
    "FLCCardPlayerPairsGame": false,
    "FLCCardPlayerPairsGamePackData": "",
    "FLCCombat": "esahti_36a",
    "FLCCorruptionUI": false,
    "FLCCorruptItemSlot": "None",
    "FLCCraftUI": false,
    "FLCCraftUIMaxType": "Common",
    "FLCDiscount": 0,
    "FLCDustReward": 0,
    "FLCEvent": "",
    "FLCExperienceReward": 6,
    "FLCGoldReward": 0,
    "FLCHealerUI": false,
    "FLCLootList": "",
    "FLCMaxQuantity": 0,
    "FLCMerchantUI": false,
    "FLCNodeTravel": "",
    "FLCRemoveItemSlot": "None",
    "FLCRequirementLock": "",
    "FLCRequirementUnlock": "",
    "FLCRequirementUnlock2": "",
    "FLCRewardHealthFlat": 0,
    "FLCRewardHealthPercent": 0.0,
    "FLCRewardText": "You prepare for what is coming and hold fast, bracing for impact. \r\n\nThe mighty creature grabs the ship and tries to tear it apart. When you attack the tentacles to fend them off, the kraken grabs you too and drags you underwater. \r\n\nWhen you finally escape its grasp, the battle continues on the ship. \r\n\nAlthough you are exhausted from swallowing so much water, it is time to finish the job.",
    "FLCRewardTier": "",
    "FLCShopList": "",
    "FLCSupplyReward": 0,
    "FLCUnlockClass": "",
    "FLCUnlockSteamAchievement": "",
    "FLCUpgradeRandomCard": false,
    "FLCUpgradeUI": false
}